{"ElasticNet": 0.8500000000000001, "LightGBM": 0.15000000000000002, "XGBoost": -1.1102230246251565e-16}